CustomerID,FirstName,LastName,Email,PhoneNumber,City,SignupDate,LastLoginDate
CUST_0001,Zinal,Borra,wbir@example.net,9063216505,Mumbai,2025-10-29,
CUST_0002,Amaira,Malhotra,hredhaansrinivasan@example.com,+919971656192,Chennai,2024-03-18,2025-07-31
CUST_0003,Pallavi,Lalla,duanilima@example.net,08255292930,Mumbai,2024-03-30,
CUST_0004,Naksh,Dhillon,schad@example.org,7081599977,Bangalore,2025-03-22,2025-10-14
CUST_0005,Ishani,Kalita,sgoda@example.net,7120551425,Chennai,2025-08-30,2025-07-16
CUST_0006,Yasti,Kothari,faqid83@example.com,08725012501,Chennai,2025-12-02,8/4/2025
CUST_0007,Damyanti,Soman,jhalak09@example.com,+919907278439,Ahmedabad,2024-10-12,2/18/2026
CUST_0008,Krisha,Date,chavvirau@example.org,+917428315534,Delhi,2024-02-20,
CUST_0009,Barkha,Badami,jonathan77@example.net,7936785494,Hyderabad,2025-09-17,2025-12-31
CUST_0010,Owen,Dasgupta,jaindivya@example.net,+914650169175,Pune,2024-04-29,2025-10-03
CUST_0011,Adya,Setty,fyogi@example.com,+914751695604,Kolkata,2024-12-02,
CUST_0012,Panini,Krishna,nagarbakhshi@example.org,06569470424,Pune,2024-04-08,10/1/2025
CUST_0013,Qadim,Saha,ayushmankhatri@example.com,05888017743,Ahmedabad,2026-03-23,
CUST_0014,Kevin,Iyengar,jeevikabaral@example.org,7542313693,Mumbai,2026-04-07,
CUST_0015,Arunima,Deep,dayalveda@example.org,+915180287333,Chennai,2026-04-12,2025-06-19
CUST_0016,Chatresh,Arya,davidsood@example.com,7659189022,Chennai,2024-04-26,7/15/2025
CUST_0017,Frado,Bhandari,amblevihaan@example.net,2154165978,Chennai,2023-11-07,
CUST_0018,Yatan,Borra,zarna74@example.com,+912271291074,Hyderabad,2023-09-16,
CUST_0019,Vrinda,Gour,iyerabhiram@example.org,+915409015502,Delhi,2024-03-28,
CUST_0020,Eesha,Mukhopadhyay,skrishnan@example.org,09374984191,Chennai,2024-08-10,7/25/2025
CUST_0021,Ranveer,Prashad,udarsh95@example.net,4743798268,Delhi,2025-02-10,2025-07-20
CUST_0022,Jagrati,Dasgupta,kwason@example.org,+916526224741,Ahmedabad,2026-01-03,
CUST_0023,Champak,Kota,balaybaghyawati@example.net,+912304501605,Chennai,2024-10-25,9/24/2025
CUST_0024,Onveer,Khanna,sanghvidiya@example.com,1800406831,Chennai,2025-05-22,
CUST_0025,Divya,Edwin,loyaldiya@example.com,2028920830,Kolkata,2025-05-12,4/22/2026
CUST_0026,Ethan,Nigam,bchandran@example.com,+911697832476,Chennai,2026-04-04,9/21/2025
CUST_0027,Daksh,Balan,kalpitkrishnamurthy@example.org,+910904298184,Ahmedabad,2024-04-07,
CUST_0028,Raghav,Ganesh,chandranjanani@example.org,+918577031103,Delhi,2023-12-10,12/29/2025
CUST_0029,Chameli,Rattan,aarnasanghvi@example.com,+915743855235,Chennai,2025-12-16,
CUST_0030,Yatan,Pai,psagar@example.org,+912761536570,Kolkata,2025-11-27,5/30/2025
CUST_0031,Azad,Bala,bhallawarda@example.net,08913669978,Delhi,2024-02-26,12/2/2025
CUST_0032,Meghana,Lala,nachiketkapur@example.net,4474153438,Bangalore,2023-12-28,2026-03-08
CUST_0033,Tanmayi,Krishnamurthy,upkaar66@example.net,08343110235,Delhi,2024-01-14,12/9/2025
CUST_0034,Hritik,Dey,deolharinakshi@example.net,03381759536,Kolkata,2024-07-16,
CUST_0035,Tanmayi,Sahni,saumyadara@example.org,5175922587,Hyderabad,2025-08-18,2025-09-21
CUST_0036,Dayamai,Ahuja,bsunder@example.net,8174098912,Hyderabad,2025-06-19,6/18/2025
CUST_0037,Nandini,Brahmbhatt,prisha48@example.net,05474667046,Hyderabad,2025-12-24,9/23/2025
CUST_0038,Faqid,Narang,avni46@example.com,08717665072,Ahmedabad,2026-03-05,
CUST_0039,Mason,Gola,dsinghal@example.net,9332560389,Delhi,2025-01-18,
CUST_0040,Odika,Seshadri,gunbirdutt@example.com,04505494732,Chennai,2024-05-12,
CUST_0041,Nisha,Sinha,ridhi04@example.com,07909127350,Delhi,2026-01-16,
CUST_0042,Nirja,Patel,igandhi@example.net,02513991080,Ahmedabad,2024-07-27,2025-12-31
CUST_0043,Suhani,Ghosh,wriddhishkaran@example.net,+916911554966,Pune,2024-12-19,3/12/2026
CUST_0044,Janani,Arora,ayushmandugar@example.org,1448884295,Bangalore,2025-01-30,2026-03-21
CUST_0045,Raghav,Bajwa,brijesh38@example.com,07219630241,Mumbai,2024-03-25,4/23/2026
CUST_0046,Abha,Sengupta,choudhryeesha@example.com,6259920427,Delhi,2026-05-08,
CUST_0047,David,Ramachandran,skanda@example.com,06115730068,Delhi,2024-04-01,
CUST_0048,Luke,Mander,vaishnavihora@example.org,+914544870192,Chennai,2023-07-27,
CUST_0049,Bishakha,Dutta,senudarsh@example.net,+919050995972,Kolkata,2024-03-23,
CUST_0050,Wahab,Hayre,sararay@example.com,01429204754,Ahmedabad,2026-04-02,2025-08-22
CUST_0051,Oliver,Shetty,lavanya11@example.com,+914381063489,Chennai,2026-02-28,
CUST_0052,Charita,Toor,bailomya@example.com,+912265885966,Bangalore,2025-12-20,2025-05-30
CUST_0053,Chasmum,Warrior,dhawanleela@example.net,06641201790,Bangalore,2023-10-15,2026-03-21
CUST_0054,Anirudh,Mody,wriddhish01@example.net,+911326051467,Chennai,2024-07-25,2026-02-23
CUST_0055,Hema,Nayar,anmolmohanty@example.com,01689974828,Pune,2024-04-10,2025-12-25
CUST_0056,Sudiksha,Bandi,nairwaida@example.com,+919963577714,Hyderabad,2025-10-08,11/18/2025
CUST_0057,Girik,Chaudhuri,agatesai@example.org,+916939756290,Delhi,2024-06-30,4/4/2026
CUST_0058,Ijaya,Bhavsar,elijahchad@example.com,+911328383194,Ahmedabad,2025-06-24,10/5/2025
CUST_0059,Bahadurjit,Deep,radhakrishnanudarsh@example.com,+915364433465,Mumbai,2026-04-17,
CUST_0060,Noah,Pillai,ukar@example.com,4981349448,Pune,2023-10-31,
CUST_0061,Hredhaan,Hora,hariodika@example.org,01276341264,Ahmedabad,2025-11-06,2025-11-23
CUST_0062,Yatin,Wable,raghavbiswas@example.net,+917822963494,Bangalore,2024-09-22,
CUST_0063,Kamala,Deshpande,amol91@example.net,5661846724,Mumbai,2026-01-25,2025-10-29
CUST_0064,Anmol,Goswami,chasmum55@example.net,7042671818,Chennai,2023-10-28,1/10/2026
CUST_0065,Chaitanya,Sethi,sudiksha11@example.org,8360111972,Kolkata,2024-12-26,
CUST_0066,Hitesh,Gokhale,lgera@example.net,0877736192,Ahmedabad,2026-05-13,2025-07-12
CUST_0067,Viraj,Borra,vidhibhatia@example.org,04347563348,Ahmedabad,2023-09-18,2025-09-01
CUST_0068,Sneha,Thakkar,udyatipau@example.net,+915277011255,Bangalore,2024-11-27,2025-08-05
CUST_0069,Panini,Vohra,kgarg@example.com,02412654444,Delhi,2025-06-24,
CUST_0070,Vihaan,Sidhu,zvasa@example.net,+914117684510,Ahmedabad,2025-11-13,
CUST_0071,Ayushman,Bhasin,bassipranit@example.org,03943684512,Bangalore,2024-11-08,
CUST_0072,Wyatt,De,iyengardominic@example.net,04802906285,Bangalore,2024-02-20,
CUST_0073,Gaurav,Chada,badalayushman@example.net,+915818249206,Ahmedabad,2025-12-26,
CUST_0074,Faras,Din,riyagrover@example.org,09911371172,Ahmedabad,2026-03-05,2026-02-15
CUST_0075,Warinder,Ganesan,kjha@example.com,+912469797712,Hyderabad,2024-04-12,2026-03-21
CUST_0076,Laksh,Srivastava,borajagdish@example.org,5250930358,Bangalore,2024-04-04,10/7/2025
CUST_0077,Dakshesh,Sarkar,pbajwa@example.com,3342083280,Bangalore,2024-02-23,11/13/2025
CUST_0078,Warda,Ganesan,sarrafzaid@example.com,6920335355,Bangalore,2024-10-27,2025-06-13
CUST_0079,Xavier,Chaudhuri,csagar@example.net,+919533035288,Mumbai,2026-02-21,2026-03-25
CUST_0080,Aryan,Rajagopalan,pushtikapur@example.com,+913591584784,Kolkata,2024-02-29,2025-10-20
CUST_0081,Bhanumati,Gera,oommenmanthan@example.org,3105513097,Bangalore,2024-03-10,
CUST_0082,Ekanta,Varkey,isetty@example.org,5931671909,Pune,2024-01-13,11/28/2025
CUST_0083,Chatura,Garg,bbansal@example.com,+916840761681,Pune,2023-08-24,
CUST_0084,Tanvi,Sehgal,reyanshganesh@example.com,09523424200,Kolkata,2026-01-02,
CUST_0085,Waida,Sengupta,bhavini70@example.org,1687181022,Ahmedabad,2025-12-26,6/24/2025
CUST_0086,Anthony,Bobal,ethannaik@example.net,02158891534,Bangalore,2023-10-16,1/3/2026
CUST_0087,Advik,Varty,hegdesiddharth@example.net,08790301761,Mumbai,2025-09-18,
CUST_0088,Siya,Mohan,meera27@example.net,08086763115,Delhi,2024-01-11,6/29/2025
CUST_0089,Udant,Ramaswamy,jananigolla@example.net,+919153546783,Chennai,2023-06-28,
CUST_0090,Siya,Mangat,victor28@example.org,+914681902814,Delhi,2024-01-08,
CUST_0091,Yuvraj,Soman,parekhlekha@example.com,+914436701019,Bangalore,2023-05-26,7/3/2025
CUST_0092,Hritik,Dhawan,watika62@example.org,09959357314,Delhi,2023-09-06,4/3/2026
CUST_0093,Omya,Aurora,aryangrover@example.com,0980961224,Mumbai,2024-08-26,
CUST_0094,Christopher,Bail,csur@example.com,2484920891,Hyderabad,2024-11-20,
CUST_0095,Vansha,Bail,cnayak@example.org,9735213729,Chennai,2023-08-26,
CUST_0096,Nidra,Wali,darpanagate@example.com,8323534791,Hyderabad,2023-05-29,2025-11-25
CUST_0097,Vidhi,Tailor,saksham43@example.com,+917899102364,Kolkata,2023-10-07,10/22/2025
CUST_0098,Omaja,Arya,ishayohannan@example.org,+912072683583,Bangalore,2023-11-03,12/1/2025
CUST_0099,Jyoti,Parmar,wnadkarni@example.com,+917152297570,Hyderabad,2023-07-15,
CUST_0100,Gabriel,Bedi,vaishnaviraja@example.org,+916027121120,Kolkata,2025-07-21,2026-03-12
CUST_0101,Yatin,Ramaswamy,ksabharwal@example.net,05092738675,Mumbai,2024-02-10,2025-12-26
CUST_0102,Warinder,Sha,upalla@example.org,+918675920732,Pune,2025-05-05,
CUST_0103,Libni,Majumdar,frado27@example.net,+918443487242,Delhi,2024-07-25,
CUST_0104,Vanya,Cheema,bhavani04@example.org,09627600856,Pune,2023-09-30,
CUST_0105,Januja,Goyal,binachoudhary@example.com,03550700632,Chennai,2023-11-03,2026-05-07
CUST_0106,Christopher,Borde,tjain@example.org,05695540785,Pune,2026-05-07,1/11/2026
CUST_0107,Zarna,Das,januja02@example.org,08316577843,Chennai,2024-12-26,2025-09-04
CUST_0108,Kiaan,Patil,indrajit46@example.com,8106631719,Kolkata,2023-07-30,2025-05-18
CUST_0109,Vaishnavi,Raj,christopherkrish@example.net,8957327012,Pune,2023-07-25,4/29/2026
CUST_0110,Leela,Kibe,grovergauri@example.com,2888924470,Hyderabad,2024-10-18,2025-10-09
CUST_0111,Damini,Brahmbhatt,devigarima@example.net,+916614856071,Kolkata,2025-02-28,
CUST_0112,Watika,Tara,bhaktahiral@example.org,03369111270,Chennai,2026-03-28,
CUST_0113,Parth,Raghavan,hiral84@example.com,9469830088,Pune,2025-11-04,10/24/2025
CUST_0114,Lopa,Barad,sakshammani@example.net,3418956397,Chennai,2024-03-23,2026-03-01
CUST_0115,Chakradev,Mukhopadhyay,garima53@example.com,+919988915634,Kolkata,2023-09-08,
CUST_0116,Amaira,Loyal,unnati31@example.org,01299114829,Mumbai,2024-07-19,
CUST_0117,Yachana,Parikh,upandey@example.com,2018987751,Kolkata,2026-02-23,7/11/2025
CUST_0118,Vincent,Borah,nchoudhary@example.org,06656827019,Mumbai,2024-01-29,8/7/2025
CUST_0119,Rushil,Chopra,sram@example.net,+917101965112,Hyderabad,2025-12-07,2025-05-25
CUST_0120,Lipika,Ahuja,dalbir67@example.com,+918123342061,Kolkata,2024-10-16,
CUST_0121,Onkar,Sule,aarnav55@example.com,+916052046009,Kolkata,2024-10-31,
CUST_0122,Janya,Chhabra,gprabhu@example.com,+917839951916,Chennai,2024-12-25,7/22/2025
CUST_0123,Sara,Doctor,jchaudhari@example.org,+918562738332,Kolkata,2023-06-19,2025-07-08
CUST_0124,Sathvik,Sem,nathanielagrawal@example.org,+912065736862,Pune,2025-01-28,5/29/2025
CUST_0125,Nirja,Wagle,andrew70@example.net,+912102312933,Pune,2025-05-16,12/13/2025
CUST_0126,Utkarsh,Bera,rishideep@example.com,+913293299378,Hyderabad,2024-08-19,
CUST_0127,Chatura,Kumer,max11@example.org,+919121486247,Pune,2023-10-11,
CUST_0128,Ronith,Pau,yoshita57@example.org,+913640972460,Delhi,2025-08-15,
CUST_0129,Nimrat,Barman,ssule@example.com,+912877123891,Kolkata,2025-04-15,
CUST_0130,Kala,Raja,ekalinga35@example.org,+919011487812,Kolkata,2025-09-11,
CUST_0131,Aditya,Patla,sandaldayamai@example.org,05107561199,Hyderabad,2024-06-18,
CUST_0132,Gauri,Barad,timothy40@example.com,04107350387,Pune,2023-07-03,
CUST_0133,Ekaja,Saran,bsha@example.net,8759714276,Ahmedabad,2025-03-03,
CUST_0134,Reva,Karan,morenathaniel@example.org,07730103875,Delhi,2026-04-19,
CUST_0135,Theodore,Brahmbhatt,bgade@example.com,00687621015,Pune,2025-08-14,2025-10-31
CUST_0136,Theodore,Vohra,reva39@example.org,+914227496135,Hyderabad,2023-10-14,2025-06-02
CUST_0137,Lohit,Shanker,msrinivasan@example.com,3781147551,Delhi,2025-03-13,2025-12-09
CUST_0138,Anthony,Soman,cpuri@example.com,01635924732,Chennai,2026-02-28,8/13/2025
CUST_0139,Ikshita,Pillai,srattan@example.net,06868134890,Ahmedabad,2024-11-01,9/1/2025
CUST_0140,Omisha,Pradhan,banjeet38@example.net,8529539980,Kolkata,2026-03-25,
CUST_0141,Samar,Murty,sakshamraval@example.net,06611618837,Chennai,2023-06-24,2026-01-21
CUST_0142,Urishilla,Sarma,guptaaarna@example.org,7174301947,Mumbai,2025-11-12,4/26/2026
CUST_0143,Pranit,Som,indrajitbrahmbhatt@example.org,6039652336,Delhi,2026-03-30,10/18/2025
CUST_0144,Anmol,Peri,hraja@example.com,+918878866974,Chennai,2025-03-06,
CUST_0145,Upkaar,Cheema,mangatrushil@example.com,07736708304,Delhi,2024-06-13,
CUST_0146,Dalbir,Bahri,munifalguni@example.org,08861928563,Ahmedabad,2024-06-24,
CUST_0147,Laksh,Mishra,avnishenoy@example.com,01020022819,Delhi,2023-07-11,
CUST_0148,Eshana,Magar,devikasuresh@example.net,5413370766,Hyderabad,2023-07-03,
CUST_0149,Imaran,Sarkar,yahvi87@example.net,01597963550,Ahmedabad,2025-04-24,
CUST_0150,Gabriel,Dewan,hsen@example.org,+914519968937,Ahmedabad,2026-03-05,
CUST_0151,Dayita,Ram,banjeetpal@example.com,03703311796,Chennai,2025-09-13,
CUST_0152,Daniel,Jayaraman,daranihal@example.com,05924047793,Pune,2024-04-27,2025-09-26
CUST_0153,Kamya,Dhaliwal,logantrivedi@example.net,+919172180739,Delhi,2026-01-12,
CUST_0154,Tanvi,Issac,vasana30@example.org,6954786037,Delhi,2026-02-24,2026-03-14
CUST_0155,Tamanna,Choudhury,sodhisiddharth@example.com,01068467515,Kolkata,2026-03-11,
CUST_0156,Hamsini,Konda,rperi@example.net,+911172546060,Ahmedabad,2026-04-26,7/27/2025
CUST_0157,Nidhi,Ramanathan,gautam75@example.com,+913875333795,Chennai,2024-10-11,
CUST_0158,Indrajit,Muni,eloke@example.com,5310690981,Bangalore,2024-05-13,
CUST_0159,Faras,Subramanian,jaggidalbir@example.com,05680031817,Bangalore,2024-01-24,
CUST_0160,Jagrati,Gola,lavanyagoyal@example.com,7271668877,Kolkata,2025-04-14,6/18/2025
CUST_0161,Hritik,Venkataraman,vivaannadig@example.org,06044571294,Ahmedabad,2025-10-01,
CUST_0162,Vanya,Lanka,vanya21@example.org,01591668245,Kolkata,2025-01-14,10/23/2025
CUST_0163,Isaiah,Varkey,pranavkrishnamurthy@example.org,01914517102,Kolkata,2023-12-01,
CUST_0164,Champak,Kapadia,nchoudhury@example.net,05255131091,Delhi,2024-07-13,6/5/2025
CUST_0165,Eiravati,Walia,dixitdarsh@example.com,+913567374781,Bangalore,2026-02-24,3/5/2026
CUST_0166,Nimrat,Munshi,kashyapchandran@example.net,+918405650436,Mumbai,2025-10-31,7/13/2025
CUST_0167,Luke,Chokshi,zpatel@example.org,+917585846267,Ahmedabad,2024-08-28,2025-12-01
CUST_0168,Rajata,Baria,pandeylavanya@example.org,08444348604,Hyderabad,2025-04-16,
CUST_0169,Wishi,Sankaran,sarmaoeshi@example.com,9609747239,Chennai,2024-12-17,
CUST_0170,Manya,Pandit,indali08@example.com,+915834755411,Pune,2024-06-04,
CUST_0171,Samesh,Wable,prisha74@example.org,+911281750689,Kolkata,2025-01-02,9/11/2025
CUST_0172,Tristan,Sandal,vasudha90@example.net,+912966383520,Ahmedabad,2024-01-02,2026-03-24
CUST_0173,Rehaan,Bandi,sakshamdevi@example.net,03731532632,Pune,2024-03-22,2025-08-22
CUST_0174,Oni,Shanker,wriddhish11@example.com,08799501566,Bangalore,2026-03-08,2025-10-15
CUST_0175,Jonathan,Khurana,frederickpatel@example.com,+918323168207,Chennai,2023-11-01,2025-07-16
CUST_0176,Vamakshi,Biswas,taradewan@example.net,5042427075,Chennai,2024-09-03,
CUST_0177,Wakeeta,Mane,charitavarma@example.com,+915267687675,Mumbai,2025-07-19,
CUST_0178,Chandran,Gulati,aayush51@example.net,00806034377,Hyderabad,2026-02-17,1/4/2026
CUST_0179,Hardik,Khare,cchand@example.net,1350560874,Mumbai,2024-11-21,
CUST_0180,Anthony,Dubey,cswaminathan@example.com,01247599631,Mumbai,2024-12-03,
CUST_0181,Brinda,Goda,arjun84@example.org,+918779470386,Kolkata,2025-10-29,4/7/2026
CUST_0182,Jyoti,Subramaniam,wishiborra@example.com,+913071996966,Mumbai,2025-05-21,2025-11-14
CUST_0183,Akshay,Nori,choudharyqarin@example.com,00036519592,Hyderabad,2024-02-23,2026-05-07
CUST_0184,Zinal,Arora,tanmayishukla@example.net,09357202774,Pune,2025-09-26,
CUST_0185,Ethan,Ravi,binamangal@example.com,+913813155791,Mumbai,2023-10-27,11/23/2025
CUST_0186,Zansi,Chokshi,wakeeta23@example.org,5284492175,Kolkata,2025-07-21,2/1/2026
CUST_0187,Aryan,Kata,baljiwan96@example.com,0923942527,Kolkata,2023-08-22,
CUST_0188,Isaiah,Mallick,tarak59@example.com,06102361676,Delhi,2023-12-04,3/9/2026
CUST_0189,Baghyawati,Kota,anamika42@example.net,+914620082464,Hyderabad,2024-01-27,
CUST_0190,Rachita,Vora,amistry@example.net,8234999435,Kolkata,2024-12-23,
CUST_0191,Lipika,Subramanian,brinda34@example.com,04108058195,Chennai,2025-08-11,
CUST_0192,Dhriti,Zacharia,dbadami@example.org,4253286996,Ahmedabad,2025-10-23,
CUST_0193,Advika,Prabhakar,swaminathanjairaj@example.com,05412907499,Kolkata,2025-04-17,12/18/2025
CUST_0194,Pooja,Saha,aayushkhatri@example.net,09014919534,Ahmedabad,2024-01-06,11/30/2025
CUST_0195,Jatin,Vala,gunbirrout@example.net,04772278517,Ahmedabad,2023-07-11,
CUST_0196,Saanvi,Iyengar,ekalinga16@example.net,03593412760,Hyderabad,2023-10-21,
CUST_0197,Matthew,Ratta,gaurikibe@example.net,03679497038,Hyderabad,2024-05-31,2025-11-18
CUST_0198,Vinaya,Solanki,upadhyaychandani@example.org,07268257128,Mumbai,2025-09-05,
CUST_0199,Unni,Behl,xalaklall@example.net,+913588924498,Ahmedabad,2024-04-23,
CUST_0200,Sai,Borra,haritamall@example.com,7883965816,Ahmedabad,2025-07-11,1/18/2026
CUST_0201,Ekalinga,Radhakrishnan,liamsachdev@example.com,00289161081,Mumbai,2024-08-29,3/7/2026
CUST_0202,Amaira,Mitra,npatel@example.org,02436213649,Kolkata,2023-12-23,
CUST_0203,Udarsh,Om,qpant@example.com,+916206557426,Pune,2024-03-09,
CUST_0204,Robert,Pingle,farhan18@example.com,+910113694474,Kolkata,2026-04-30,
CUST_0205,Krisha,Bhatnagar,radhachandra@example.com,+915636695963,Ahmedabad,2023-12-08,
CUST_0206,Yutika,Sule,jsarraf@example.org,+917003630146,Hyderabad,2024-03-17,2026-05-11
CUST_0207,Ansh,Vora,banerjeeomya@example.org,9410410596,Chennai,2024-12-11,12/28/2025
CUST_0208,Aarush,Reddy,tejas79@example.com,9928231387,Delhi,2024-06-13,2025-12-24
CUST_0209,Hemani,Kibe,tsarkar@example.com,00180527993,Ahmedabad,2023-06-13,
CUST_0210,Nisha,Chad,kamalanair@example.net,+913618955819,Mumbai,2024-04-27,
CUST_0211,Quincy,Yogi,chokshiladli@example.com,1902446490,Chennai,2025-04-28,10/31/2025
CUST_0212,Isaiah,Singhal,utkarsh55@example.net,7000588333,Hyderabad,2025-11-10,2025-11-26
CUST_0213,Ishwar,Nagy,diyaganguly@example.org,5384190116,Hyderabad,2026-01-20,2025-12-24
CUST_0214,Abha,Balan,xsachdev@example.com,+912549062795,Hyderabad,2024-09-09,
CUST_0215,Zayyan,Nayak,dadamohammed@example.net,03695068983,Mumbai,2025-12-26,
CUST_0216,Ekantika,Gaba,goelchandresh@example.net,03509472821,Ahmedabad,2024-12-10,
CUST_0217,Oscar,Buch,muttigunbir@example.net,03039760249,Pune,2023-09-28,2026-04-19
CUST_0218,Radhika,Dass,qjhaveri@example.org,+910588451724,Hyderabad,2023-11-05,8/25/2025
CUST_0219,Tristan,Chokshi,mohinidugar@example.org,6098998963,Mumbai,2025-12-05,
CUST_0220,Nicholas,Ganesan,kwali@example.com,+914277045896,Mumbai,2023-06-23,2025-07-25
CUST_0221,Chandran,Mane,oscarbaria@example.net,7408797273,Delhi,2025-08-26,7/21/2025
CUST_0222,Gayathri,Padmanabhan,chameli52@example.net,6647650568,Chennai,2025-08-07,
CUST_0223,Ayush,Kaul,avi28@example.net,06429184411,Chennai,2023-08-09,
CUST_0224,Widisha,Baria,urmipandey@example.com,+916676774246,Ahmedabad,2024-01-31,
CUST_0225,Samar,Rama,dharmanbir@example.net,2319162963,Hyderabad,2024-08-24,2026-04-19
CUST_0226,Kala,Sodhi,mannekaraj@example.net,6110090074,Chennai,2025-11-28,
CUST_0227,Rishi,Sarkar,chandran75@example.net,08977943123,Mumbai,2025-11-07,2026-05-06
CUST_0228,Shivansh,Master,dassaarush@example.net,+912880724252,Delhi,2025-06-22,2025-07-06
CUST_0229,Logan,Sunder,wpall@example.net,07462020938,Bangalore,2025-10-30,
CUST_0230,Chandran,Dyal,anusharajan@example.com,7310348849,Ahmedabad,2024-05-13,10/29/2025
CUST_0231,Ekanta,Mukherjee,idikaoak@example.net,06778488723,Chennai,2025-06-08,
CUST_0232,Omisha,Mandal,eraman@example.net,+915196260222,Ahmedabad,2024-11-13,2025-07-17
CUST_0233,Caleb,Ghose,balaxavier@example.com,01805075209,Hyderabad,2023-07-14,
CUST_0234,Anika,Singhal,banjeet48@example.net,+917009581549,Mumbai,2023-10-23,2026-04-27
CUST_0235,Yashvi,Sha,qpathak@example.com,+919070124533,Hyderabad,2025-07-13,2026-05-08
CUST_0236,Upkaar,Baral,ahluwaliachatresh@example.net,07900562372,Bangalore,2026-04-11,
CUST_0237,Vanya,Khurana,mandadvay@example.com,+919856311618,Hyderabad,2026-01-15,8/4/2025
CUST_0238,Indira,Deo,charazaan@example.com,6257383192,Ahmedabad,2024-02-09,
CUST_0239,Dhriti,Murty,moreharrison@example.org,06454259710,Hyderabad,2024-05-07,
CUST_0240,Maanav,Master,wyattsem@example.net,+912588033538,Mumbai,2025-04-28,
CUST_0241,Udyati,Krishnamurthy,daraprisha@example.org,03203631658,Pune,2024-09-23,1/23/2026
CUST_0242,Maya,Prasad,bhattbalvan@example.net,09525512703,Mumbai,2023-10-18,2025-11-22
CUST_0243,Advika,Oommen,lbhagat@example.com,07677765195,Hyderabad,2024-05-26,2025-11-10
CUST_0244,Yasti,Sethi,raksha33@example.org,08232817617,Ahmedabad,2025-08-14,
CUST_0245,Balendra,Singh,jravi@example.net,+919479377000,Delhi,2023-11-25,
CUST_0246,Ria,Gill,shivansh76@example.org,+913073203962,Mumbai,2024-02-02,
CUST_0247,Kamala,Baria,jganesh@example.net,9519973896,Kolkata,2025-01-11,
CUST_0248,Jyoti,Sandhu,mitaleta@example.com,3834439568,Mumbai,2025-09-08,
CUST_0249,Jonathan,Krish,dayalakshay@example.com,2525145576,Kolkata,2025-07-06,
CUST_0250,Zarna,Shankar,fsarin@example.org,06268449366,Kolkata,2025-11-20,
CUST_0251,Zaitra,Pal,idora@example.org,07239077703,Mumbai,2026-03-08,
CUST_0252,Timothy,Minhas,sbahl@example.net,1418165731,Pune,2024-09-05,
CUST_0253,Hema,Mukherjee,vshukla@example.net,1769460416,Bangalore,2024-05-31,
CUST_0254,Meghana,Rajagopal,perizashil@example.org,02261889909,Bangalore,2026-01-08,
CUST_0255,Hemal,Balasubramanian,prabhuupkaar@example.net,06677594088,Ahmedabad,2024-12-06,6/18/2025
CUST_0256,Xiti,Bhakta,ywagle@example.com,0513557742,Chennai,2024-09-08,9/24/2025
CUST_0257,Bachittar,Ratta,esandal@example.org,5648846904,Hyderabad,2024-09-06,
CUST_0258,Ryan,Uppal,badalgaurav@example.org,07797843390,Mumbai,2024-05-30,2026-02-09
CUST_0259,Forum,Tak,gollaamol@example.org,8207177765,Delhi,2023-08-12,10/24/2025
CUST_0260,Nisha,Sagar,adya10@example.org,03458897938,Kolkata,2024-09-11,2025-07-13
CUST_0261,Chandresh,Shetty,alka46@example.com,9011793831,Mumbai,2026-03-24,11/20/2025
CUST_0262,Nisha,Narayan,jalsa36@example.org,+912053670593,Delhi,2024-11-10,
CUST_0263,Adya,Ahuja,pdeshpande@example.com,08144867905,Hyderabad,2026-04-27,
CUST_0264,Tanish,Dhillon,yashica58@example.com,03677386061,Ahmedabad,2023-10-13,
CUST_0265,Bhanumati,Arora,vanyatrivedi@example.net,09792274809,Delhi,2024-10-12,8/28/2025
CUST_0266,Charvi,Saraf,agastya34@example.com,04546774206,Delhi,2025-10-28,
CUST_0267,Charan,Aggarwal,faras41@example.com,2053420537,Kolkata,2023-11-02,
CUST_0268,Yatan,Ben,ymander@example.net,+916993749473,Bangalore,2024-02-13,
CUST_0269,Qushi,Cheema,ubanik@example.com,05089119070,Ahmedabad,2024-01-04,
CUST_0270,Aryan,Char,mammenbalveer@example.com,+919510997619,Ahmedabad,2026-03-12,
CUST_0271,Farhan,Dyal,darachaitaly@example.org,02305287985,Kolkata,2026-03-20,
CUST_0272,Bahadurjit,Wali,sarthaksharaf@example.net,+912516298709,Chennai,2024-01-09,
CUST_0273,Barkha,Dhawan,oscar52@example.com,+912469013740,Chennai,2025-02-23,9/28/2025
CUST_0274,Pranit,Srivastava,chavvi00@example.org,+914051606399,Pune,2024-09-01,
CUST_0275,Idika,Salvi,mkeer@example.net,3252681047,Kolkata,2024-07-20,
CUST_0276,Sai,Sinha,daraikshita@example.com,02074797095,Bangalore,2024-05-13,
CUST_0277,Dayita,Handa,srivastavazashil@example.org,+918860798479,Mumbai,2025-12-14,1/22/2026
CUST_0278,Qarin,Bawa,borrakala@example.net,+916693691592,Ahmedabad,2024-11-22,2025-07-15
CUST_0279,Frederick,Iyer,kalaneel@example.org,05881778443,Kolkata,2023-06-01,2026-04-08
CUST_0280,Vasana,Jha,zayyan89@example.com,04794272677,Ahmedabad,2024-01-02,
CUST_0281,Amol,Sankar,annefinn@example.org,9301526407,Kolkata,2023-09-06,
CUST_0282,Deepa,Patil,malljack@example.com,+912503192264,Kolkata,2025-11-30,
CUST_0283,Shaurya,Swamy,chamelisahota@example.com,01988797623,Bangalore,2025-05-21,2025-11-03
CUST_0284,Jasmit,Sharma,narayanvanya@example.net,+918643806331,Hyderabad,2024-12-21,2025-12-06
CUST_0285,Shivansh,Bora,ojas31@example.com,02503831299,Kolkata,2025-08-12,2025-08-23
CUST_0286,Mohini,Mani,butalawahab@example.com,8566591961,Ahmedabad,2024-10-17,
CUST_0287,Gopal,Prasad,zthaman@example.org,8644754732,Bangalore,2024-07-09,
CUST_0288,Shaurya,Bansal,hmitter@example.com,7192140917,Bangalore,2025-01-14,
CUST_0289,Dakshesh,Ahluwalia,farajvarghese@example.org,3653503394,Pune,2023-08-18,2/24/2026
CUST_0290,Gaurangi,Dara,parmarrachita@example.com,+911235673249,Chennai,2023-11-12,1/9/2026
CUST_0291,Gabriel,Wali,libni99@example.net,09343306321,Delhi,2025-11-20,2026-01-15
CUST_0292,Ekanta,Bajaj,bahadurjitsandal@example.com,06690927679,Kolkata,2024-04-03,
CUST_0293,Samesh,Varkey,tprashad@example.net,00813306958,Delhi,2023-11-05,
CUST_0294,Sneha,Dada,hardik37@example.net,05519185453,Hyderabad,2023-05-16,
CUST_0295,Laban,Choudhury,anushadeol@example.net,+910918646432,Bangalore,2023-10-06,
CUST_0296,Rachana,Ramakrishnan,widishabhardwaj@example.net,09842215976,Delhi,2024-01-23,
CUST_0297,Wridesh,Hari,christopher98@example.net,09931959351,Pune,2024-12-22,
CUST_0298,Veer,Sule,omkaar46@example.net,+911778771241,Hyderabad,2024-07-17,
CUST_0299,Amrita,Borde,reva14@example.com,1626920580,Chennai,2023-12-29,
CUST_0300,Barkha,Vora,zaitraramanathan@example.com,+915622275545,Mumbai,2023-12-17,
CUST_0301,Panini,Sahota,leelade@example.com,+919103609967,Pune,2025-09-03,
CUST_0302,Balendra,Kar,gokhalenaveen@example.net,03494911859,Bangalore,2024-08-27,
CUST_0303,Lopa,Palan,nishasehgal@example.com,04286490786,Bangalore,2024-11-28,
CUST_0304,Finn,Bhalla,ekalinga28@example.net,8430049464,Hyderabad,2024-10-12,
CUST_0305,Ishita,Pradhan,waidabalakrishnan@example.net,06347568194,Chennai,2024-10-07,
CUST_0306,Qabil,Choudhry,jason93@example.com,1993164662,Delhi,2025-12-08,2025-07-03
CUST_0307,Aradhana,Basu,yshetty@example.net,+913163234950,Hyderabad,2024-08-09,12/16/2025
CUST_0308,Lopa,Peri,thomas07@example.com,03264838314,Pune,2026-04-30,2025-10-05
CUST_0309,Zilmil,Mukhopadhyay,nadigarunima@example.com,8769850470,Hyderabad,2024-12-04,
CUST_0310,Vidhi,Sridhar,dalbirmohan@example.org,1244175983,Delhi,2023-11-04,2026-01-16
CUST_0311,Tanay,Mishra,devsachdeva@example.com,2403546350,Pune,2025-03-26,1/8/2026
CUST_0312,Bhanumati,Tata,hbasu@example.org,4192152996,Hyderabad,2024-12-24,
CUST_0313,Unni,Bassi,vinaya91@example.org,5211680715,Pune,2025-11-30,
CUST_0314,Chandani,Bhasin,neelbose@example.net,06894491093,Mumbai,2024-11-26,2025-11-22
CUST_0315,Riya,Mammen,ppradhan@example.org,00749693707,Kolkata,2026-01-26,3/10/2026
CUST_0316,Raagini,Seshadri,uppalrachana@example.org,6026622453,Kolkata,2025-12-11,
CUST_0317,Bimala,Dalal,evaidya@example.com,8729277842,Mumbai,2024-05-21,
CUST_0318,Hemal,Cheema,theodoretailor@example.com,+915027872024,Hyderabad,2024-12-15,
CUST_0319,Abeer,Ben,mom@example.com,08649760258,Mumbai,2023-06-23,
CUST_0320,Tristan,Ratti,meera22@example.org,00978819210,Bangalore,2023-08-29,6/11/2025
CUST_0321,Gaurav,Badal,balveerarora@example.org,2149830542,Mumbai,2026-03-15,
CUST_0322,Devika,Bath,daksheshbera@example.com,09514186074,Kolkata,2024-05-29,2026-04-28
CUST_0323,Liam,Pall,faraj27@example.com,8834525644,Bangalore,2025-08-09,
CUST_0324,Guneet,Loyal,ekarajamble@example.net,03897639325,Ahmedabad,2024-11-18,2026-02-08
CUST_0325,Advika,Mishra,nitaravarughese@example.org,08526822563,Chennai,2024-11-18,
CUST_0326,Falak,Patel,nakulsinghal@example.org,7672449590,Ahmedabad,2023-11-04,
CUST_0327,Siya,Shroff,fdugar@example.com,08977812004,Delhi,2024-01-09,11/23/2025
CUST_0328,Zayyan,Goel,ekiyahanda@example.com,9033824639,Ahmedabad,2024-12-29,
CUST_0329,Triya,Hans,pranavagrawal@example.net,+915293457689,Bangalore,2025-08-30,3/26/2026
CUST_0330,Ojas,Sanghvi,xnagar@example.org,0692687217,Ahmedabad,2026-02-28,8/5/2025
CUST_0331,Rachita,Bhatti,bhaktasara@example.org,+912385398648,Pune,2023-06-21,
CUST_0332,Xavier,Raghavan,kbala@example.net,+914713757635,Pune,2025-07-05,
CUST_0333,Ridhi,Jain,kakartimothy@example.org,+916481333410,Hyderabad,2026-05-08,2025-07-22
CUST_0334,Aarav,Edwin,mahika56@example.com,+910984216705,Ahmedabad,2025-03-22,2025-12-10
CUST_0335,Omisha,Devi,jeetchacko@example.org,+917722918671,Bangalore,2025-07-20,
CUST_0336,Charles,Sha,olanka@example.com,01863212483,Chennai,2023-10-30,2025-07-02
CUST_0337,Pallavi,Sangha,raaginipanchal@example.com,7574779438,Mumbai,2024-07-13,2025-08-22
CUST_0338,Sai,Majumdar,varghesepallavi@example.com,05156492251,Chennai,2023-06-19,5/19/2025
CUST_0339,Tanvi,Joshi,dhora@example.net,2262253435,Bangalore,2025-09-04,9/1/2025
CUST_0340,Dhruv,Garg,mkaran@example.com,+914244576900,Delhi,2026-04-26,11/19/2025
CUST_0341,Oeshi,Ramesh,kprasad@example.net,09074219629,Mumbai,2025-12-28,2025-06-02
CUST_0342,Pallavi,Roy,ekiya91@example.com,+917577181807,Bangalore,2025-08-31,5/21/2025
CUST_0343,Yashica,Lala,anamikagole@example.com,+912789473836,Pune,2025-12-16,2026-05-05
CUST_0344,Ekiya,Amble,clal@example.net,7628360800,Hyderabad,2024-05-02,2025-07-15
CUST_0345,Anvi,Tata,onkar49@example.com,+917184828072,Kolkata,2024-02-10,2025-12-05
CUST_0346,Ekiya,Kunda,siddharthsastry@example.net,02823121300,Ahmedabad,2025-08-04,
CUST_0347,Inaya,Das,yashodabajaj@example.net,01564962129,Mumbai,2025-01-04,7/8/2025
CUST_0348,Timothy,Saraf,rjohal@example.com,0517356551,Bangalore,2025-05-11,
CUST_0349,Nihal,Mane,iyengarwarda@example.org,3296461580,Bangalore,2024-01-24,
CUST_0350,Nirja,Bandi,pbhatti@example.com,0339172573,Kolkata,2025-09-28,6/27/2025
CUST_0351,Yashvi,Chand,jalsasheth@example.net,4802504549,Ahmedabad,2024-03-16,9/26/2025
CUST_0352,Isha,Shere,ishwar49@example.org,6510821184,Mumbai,2023-10-02,1/30/2026
CUST_0353,Mitali,Sathe,bhavya74@example.com,6559000888,Mumbai,2024-08-31,
CUST_0354,Vasana,Brahmbhatt,qmajumdar@example.org,1606637091,Pune,2024-10-03,
CUST_0355,Kai,Parekh,ekalla@example.org,02205783989,Ahmedabad,2025-12-07,3/30/2026
CUST_0356,Tejas,Koshy,chasmumrajan@example.org,04094687580,Mumbai,2025-04-21,
CUST_0357,Sachi,Balasubramanian,naveenrajan@example.com,+910350669080,Ahmedabad,2023-11-10,
CUST_0358,Aahana,Bose,pbajaj@example.com,4141553873,Pune,2024-08-15,
CUST_0359,Azad,Suresh,wishipalla@example.com,07128978884,Kolkata,2026-05-04,
CUST_0360,Vihaan,Varkey,johalpahal@example.org,3178587317,Kolkata,2023-05-21,
CUST_0361,Bhavna,Nadkarni,sdate@example.net,9561999660,Pune,2023-08-16,
CUST_0362,Janaki,Ramachandran,xpant@example.com,+918881334185,Mumbai,2024-02-23,2025-07-27
CUST_0363,Vasudha,Gola,upkaarsarna@example.org,9665746393,Mumbai,2024-02-06,11/28/2025
CUST_0364,Gaurangi,Kar,ekansh10@example.org,05935923481,Pune,2024-02-23,2025-09-29
CUST_0365,Chaman,Nazareth,aadhya94@example.net,05283725819,Pune,2024-11-27,
CUST_0366,Sudiksha,Mukherjee,qadim26@example.net,07555094260,Pune,2026-03-13,6/5/2025
CUST_0367,Caleb,Ranganathan,kandahardik@example.org,+913388610030,Hyderabad,2024-06-14,
CUST_0368,Ati,Lad,petermani@example.com,08397484985,Mumbai,2023-06-06,2025-06-21
CUST_0369,Brinda,Shroff,njhaveri@example.com,9582034805,Ahmedabad,2024-07-11,2026-04-24
CUST_0370,Naveen,Atwal,venkataramanpanini@example.org,06728133865,Pune,2026-03-23,4/24/2026
CUST_0371,Faris,Dyal,max08@example.org,07813595250,Hyderabad,2025-11-27,
CUST_0372,Eiravati,Parsa,sbhalla@example.org,06029564915,Bangalore,2025-09-07,9/22/2025
CUST_0373,Janani,Vyas,zrajagopalan@example.net,00080831363,Delhi,2024-04-02,
CUST_0374,Dalaja,Randhawa,eiravatianne@example.org,7303466318,Pune,2025-12-29,9/4/2025
CUST_0375,Yauvani,Ravi,wmajumdar@example.org,+912148663165,Delhi,2023-05-17,
CUST_0376,Zaid,Ahluwalia,teerthbalan@example.com,5786726596,Mumbai,2024-08-20,2025-10-17
CUST_0377,Dalaja,Lad,alexander80@example.com,03886809692,Mumbai,2025-06-23,
CUST_0378,Tanay,Dayal,bsahni@example.com,08715577199,Kolkata,2025-11-11,
CUST_0379,Abdul,Parmer,wsahni@example.net,3768220121,Delhi,2024-05-27,
CUST_0380,Zaid,Ratta,parmarnaveen@example.net,00303484763,Pune,2025-02-22,2025-12-15
CUST_0381,Anika,Amble,dev85@example.com,8063806299,Delhi,2023-08-29,2025-07-13
CUST_0382,Madhav,Dey,eshanakanda@example.net,+917744423691,Mumbai,2025-10-21,
CUST_0383,Idika,Mital,fiyaz37@example.com,05000820621,Kolkata,2025-03-08,
CUST_0384,Daksh,Sahni,nayakamara@example.org,5503636243,Kolkata,2024-02-28,1/19/2026
CUST_0385,George,Dave,karisiddharth@example.net,07468028007,Mumbai,2023-09-11,
CUST_0386,Falak,Shroff,aarnavperi@example.com,04947664229,Mumbai,2024-12-01,
CUST_0387,Rachita,Sarma,chandreshmangal@example.net,07292175024,Hyderabad,2025-04-30,2026-01-24
CUST_0388,Veda,Tata,vanyasharma@example.net,09353320946,Kolkata,2024-04-10,2025-09-24
CUST_0389,Atharv,Kuruvilla,ikbal28@example.net,06027906286,Chennai,2024-01-24,6/4/2025
CUST_0390,Onveer,Chad,barkhasastry@example.net,7724902282,Delhi,2023-07-25,
CUST_0391,Amara,Pradhan,avora@example.org,02548967221,Pune,2024-08-17,2026-04-20
CUST_0392,Rachana,Nagy,schandran@example.org,06023995027,Ahmedabad,2024-06-08,10/27/2025
CUST_0393,Nirja,Roy,ochaudhuri@example.org,3807202558,Delhi,2025-09-01,3/2/2026
CUST_0394,Ria,Din,zinal56@example.net,2612509097,Pune,2025-07-28,
CUST_0395,Zinal,Mann,neelima84@example.org,09907909230,Bangalore,2024-07-18,8/17/2025
CUST_0396,Meghana,Mitra,iahluwalia@example.com,09003367367,Ahmedabad,2024-02-13,
CUST_0397,Advik,Chaudry,harshwali@example.net,1471731499,Kolkata,2024-03-31,
CUST_0398,Yadavi,Khurana,manilakshit@example.net,0071380758,Hyderabad,2025-06-13,
CUST_0399,Praneel,Luthra,chaayadhaliwal@example.net,07021615484,Bangalore,2025-07-08,2/2/2026
CUST_0400,Kavya,Jaggi,ujani@example.com,5235763243,Ahmedabad,2024-11-18,9/15/2025
CUST_0401,Reyansh,Madan,balendrasaxena@example.com,3955178802,Kolkata,2024-09-07,2026-01-06
CUST_0402,Ayush,Tara,chhabraoeshi@example.org,6862580290,Kolkata,2026-03-28,11/7/2025
CUST_0403,Yashica,Mukherjee,nagarajanliam@example.com,+911299003157,Kolkata,2023-09-12,
CUST_0404,Jagat,Shanker,apandey@example.com,+912605830255,Chennai,2026-01-28,6/7/2025
CUST_0405,Urvashi,Din,mallicktanish@example.net,+912421303093,Mumbai,2025-06-25,2025-10-07
CUST_0406,Michael,Sandal,dkhosla@example.com,7945171828,Pune,2025-10-05,9/29/2025
CUST_0407,Yashasvi,Sarin,chaudhuriyahvi@example.net,04349781489,Chennai,2025-03-01,2026-01-22
CUST_0408,Brijesh,Shroff,noah16@example.com,06116871454,Hyderabad,2024-10-29,2026-03-17
CUST_0409,Nisha,Borah,gabaaadhya@example.net,+912444732700,Delhi,2026-04-04,2025-06-20
CUST_0410,Gaurika,Kothari,aashi44@example.com,5233051356,Ahmedabad,2026-02-27,
CUST_0411,Isha,Pathak,vedantdara@example.com,1573069489,Pune,2025-04-12,4/4/2026
CUST_0412,Ranveer,Char,ybuch@example.org,0346602679,Ahmedabad,2025-01-25,
CUST_0413,Hredhaan,Ramachandran,avi44@example.com,9156996779,Ahmedabad,2026-03-27,
CUST_0414,Wakeeta,Mahal,mmammen@example.net,6158600914,Bangalore,2025-07-17,4/2/2026
CUST_0415,Harrison,Chand,edhitha38@example.com,04620976321,Hyderabad,2024-04-08,
CUST_0416,Girindra,Chandra,kapoorazaan@example.net,3303775403,Bangalore,2023-12-17,
CUST_0417,Vihaan,Bumb,issacsai@example.org,09974596216,Hyderabad,2026-01-15,2025-10-24
CUST_0418,Darpan,Sani,vchakraborty@example.org,+913261939045,Kolkata,2024-07-20,10/4/2025
CUST_0419,Fariq,Balay,ishanvi67@example.net,09706735712,Ahmedabad,2023-12-24,
CUST_0420,Farhan,Brahmbhatt,indali22@example.org,07749069399,Ahmedabad,2024-06-19,2026-04-02
CUST_0421,Jyoti,Dora,ekantavarma@example.org,+918612656177,Ahmedabad,2025-09-17,
CUST_0422,Peter,Patil,gauri62@example.net,0599345962,Mumbai,2024-03-12,2025-09-22
CUST_0423,Lajita,Dubey,forumthakur@example.net,04539853441,Chennai,2024-12-25,
CUST_0424,Nirja,Nanda,williamsetty@example.org,7857231794,Delhi,2025-04-05,
CUST_0425,Sachi,Patla,lupadhyay@example.net,+911968728316,Hyderabad,2024-09-23,
CUST_0426,Gopal,Cheema,ranveermunshi@example.net,07880220532,Pune,2026-04-25,
CUST_0427,Sanya,Bhatt,sharafdavid@example.net,03506782037,Mumbai,2023-06-17,2/3/2026
CUST_0428,Baghyawati,Nori,nandinisandhu@example.com,0974041617,Kolkata,2026-02-23,
CUST_0429,Tristan,Patil,jrau@example.com,6181589529,Delhi,2026-01-15,12/11/2025
CUST_0430,Lakshit,Mohan,urishilla96@example.org,+910304960193,Delhi,2023-10-10,
CUST_0431,Gaurika,Natt,agastya03@example.net,1346061738,Kolkata,2025-03-10,2025-06-10
CUST_0432,Amrita,Devi,zayanpal@example.org,01099033616,Hyderabad,2026-05-09,
CUST_0433,Orinder,Oza,aashi13@example.net,+911370239396,Delhi,2024-03-08,
CUST_0434,Viraj,Swaminathan,masonkrishnamurthy@example.com,7191008000,Pune,2024-11-19,
CUST_0435,Yasti,Edwin,nathaniel50@example.com,+919307109435,Hyderabad,2024-09-11,2026-02-14
CUST_0436,Jack,Loyal,tbora@example.com,00846027711,Pune,2024-09-26,8/27/2025
CUST_0437,Theodore,Keer,indira50@example.net,+913108776516,Chennai,2023-06-15,2026-03-26
CUST_0438,Jasmit,Hari,sharafvinaya@example.com,3433209473,Mumbai,2025-10-09,1/21/2026
CUST_0439,Ekani,Mitra,bhavika84@example.org,9838426907,Bangalore,2024-02-25,1/24/2026
CUST_0440,Yatan,Tiwari,amaira97@example.com,02709966787,Kolkata,2025-02-27,2026-04-09
CUST_0441,Yoshita,Chad,kakarvictor@example.org,3471121594,Delhi,2025-01-25,
CUST_0442,Andrew,Handa,anmolgoswami@example.com,9183037037,Bangalore,2025-05-17,
CUST_0443,Kiaan,Kara,choudharyayush@example.org,5531670499,Chennai,2025-08-15,
CUST_0444,Ubika,Soman,mammenneha@example.org,3951335619,Ahmedabad,2024-08-24,2025-10-05
CUST_0445,Chaitaly,Babu,banjeet21@example.com,+911901294976,Hyderabad,2023-10-31,2/5/2026
CUST_0446,Chatresh,Vaidya,ramanathanpanini@example.org,00499307926,Pune,2024-02-27,
CUST_0447,Dhruv,Bhardwaj,anamikaranganathan@example.net,+914173592323,Hyderabad,2023-12-08,
CUST_0448,Frado,Mane,bahadurjit75@example.com,+912335296341,Delhi,2024-05-15,2025-06-05
CUST_0449,Urvashi,Sule,indrajitbassi@example.org,2109450969,Hyderabad,2023-12-17,
CUST_0450,Lakshit,Chaudry,dharxiti@example.org,+915224557498,Pune,2024-09-22,2025-05-22
CUST_0451,Zehaan,Desai,raaginivenkatesh@example.net,6242644312,Hyderabad,2025-11-12,2026-01-16
CUST_0452,Xalak,Vaidya,lohitsodhi@example.net,00983043971,Hyderabad,2026-04-14,6/23/2025
CUST_0453,Deepa,Kalita,wakeetasankar@example.com,+910948449987,Kolkata,2026-05-12,2025-10-22
CUST_0454,Anita,Bhavsar,cchowdhury@example.com,02260332311,Ahmedabad,2026-01-26,12/5/2025
CUST_0455,Abha,Memon,aahanajani@example.net,9666190861,Kolkata,2023-06-03,
CUST_0456,Agastya,Choudhury,zdesai@example.org,+910798267495,Pune,2023-06-24,
CUST_0457,Girik,Yogi,ati73@example.net,+917694640139,Mumbai,2024-06-11,9/30/2025
CUST_0458,Januja,Mangal,farhanlal@example.net,08417526923,Bangalore,2026-02-19,6/17/2025
CUST_0459,Upma,Sha,ranbir77@example.net,01292842578,Pune,2023-07-02,2026-03-14
CUST_0460,Yahvi,Bhasin,adyathakkar@example.org,+911855872854,Bangalore,2025-05-19,
CUST_0461,Jeevika,Cheema,radha95@example.org,03601088783,Delhi,2023-08-07,
CUST_0462,Udyati,Sankar,tmann@example.net,+915684338192,Bangalore,2023-06-26,2025-12-03
CUST_0463,Logan,Dhar,behlqabil@example.com,06050383279,Hyderabad,2024-05-06,2025-10-20
CUST_0464,Tristan,Loke,sekhonanjali@example.com,+912252233935,Kolkata,2023-10-03,
CUST_0465,Ojasvi,Ahuja,mangalpraneel@example.org,+913015431960,Chennai,2023-09-30,6/11/2025
CUST_0466,Harini,Viswanathan,ynair@example.org,01194870749,Bangalore,2026-04-03,
CUST_0467,Divya,Baria,dborra@example.com,9551451212,Ahmedabad,2024-12-25,2026-05-07
CUST_0468,Theodore,Saraf,subramanianradhika@example.com,05048338633,Ahmedabad,2026-04-19,2025-07-01
CUST_0469,Lavanya,Mammen,lraja@example.net,8148788380,Delhi,2026-03-03,
CUST_0470,Harita,Pingle,pranit17@example.com,+919133759929,Bangalore,2024-11-28,1/26/2026
CUST_0471,Yug,Kata,daniodika@example.com,7927888679,Kolkata,2024-04-23,2025-12-02
CUST_0472,Jalsa,Dhaliwal,kavya42@example.org,5384496488,Pune,2025-04-28,2026-03-01
CUST_0473,Faraj,Chada,hiralbawa@example.com,3658968460,Kolkata,2025-03-09,10/19/2025
CUST_0474,Upkaar,Chandran,dixitudyati@example.org,0009977737,Kolkata,2025-06-12,
CUST_0475,Anya,Kapadia,varsha81@example.org,+913979228998,Bangalore,2023-10-09,6/29/2025
CUST_0476,Upadhriti,Chopra,krish96@example.net,+911520469527,Pune,2024-11-15,2025-10-18
CUST_0477,Chandran,Dugar,devanyamini@example.org,+919549610790,Pune,2023-12-16,2025-07-14
CUST_0478,Wahab,Kumar,wallalekha@example.org,+915578173087,Pune,2023-10-09,12/10/2025
CUST_0479,Harini,Dayal,balvan86@example.com,+916938315444,Ahmedabad,2026-04-22,2/1/2026
CUST_0480,Azad,Chacko,ravelforum@example.org,00536232711,Delhi,2023-10-09,
CUST_0481,Krisha,Madan,chakradevthaker@example.net,8420986434,Bangalore,2024-10-16,3/30/2026
CUST_0482,Pavani,Thakur,godanicholas@example.net,4365522935,Bangalore,2025-03-11,2026-03-14
CUST_0483,Onkar,Bhat,xbuch@example.org,01699401030,Pune,2023-06-12,
CUST_0484,Janani,Arora,ekiyajani@example.net,+919835121710,Ahmedabad,2025-01-15,6/20/2025
CUST_0485,Kashish,Sharaf,umang36@example.net,8197434806,Chennai,2024-11-14,
CUST_0486,Jalsa,Nagy,cbhatt@example.net,08576459317,Bangalore,2023-09-20,
CUST_0487,Megha,Pandya,xbhat@example.net,9782453998,Mumbai,2024-12-22,
CUST_0488,Ayaan,Deol,ekapad32@example.org,1464624077,Kolkata,2023-09-19,
CUST_0489,Kabir,Grover,balfrado@example.org,04106180524,Pune,2026-01-18,
CUST_0490,Timothy,Chaudry,korpalwriddhish@example.net,1550474358,Ahmedabad,2024-06-29,
CUST_0491,Ayaan,Tata,dakshesh40@example.net,04546966726,Mumbai,2023-11-28,3/1/2026
CUST_0492,Anita,Gopal,faqid09@example.com,03040112047,Kolkata,2023-11-28,
CUST_0493,Indrajit,Parmar,zinaldutt@example.net,4383809496,Pune,2025-02-22,2026-02-23
CUST_0494,Dayamai,Choudhry,karan14@example.com,+913097473196,Pune,2024-07-05,
CUST_0495,Harshil,Lad,aryan62@example.net,+911293027635,Ahmedabad,2023-10-29,6/20/2025
CUST_0496,Sara,Ranganathan,viswanathansai@example.org,+913902063230,Ahmedabad,2023-08-16,
CUST_0497,Ekavir,Ramesh,vansha15@example.com,02549810157,Bangalore,2023-11-27,
CUST_0498,Jackson,Dugar,sabharwalbhavika@example.org,08900317530,Hyderabad,2025-12-28,2026-01-26
CUST_0499,Isaac,Sood,devikasur@example.com,7423733850,Kolkata,2023-06-10,7/7/2025
CUST_0500,Gaurav,Grover,noah58@example.com,6246143659,Bangalore,2024-06-05,
